countryiso3code,country_name,income_inequality_2010,income_inequality_2011,income_inequality_2012,income_inequality_2013,income_inequality_2014,income_inequality_2015,income_inequality_2016,income_inequality_2017,income_inequality_2018,income_inequality_2019,income_inequality_2020,income_inequality_2021,income_inequality_2022,income_inequality_2023,youth_unemployment_2010,youth_unemployment_2011,youth_unemployment_2012,youth_unemployment_2013,youth_unemployment_2014,youth_unemployment_2015,youth_unemployment_2016,youth_unemployment_2017,youth_unemployment_2018,youth_unemployment_2019,youth_unemployment_2020,youth_unemployment_2021,youth_unemployment_2022,youth_unemployment_2023,inflation_2010,inflation_2011,inflation_2012,inflation_2013,inflation_2014,inflation_2015,inflation_2016,inflation_2017,inflation_2018,inflation_2019,inflation_2020,inflation_2021,inflation_2022,inflation_2023
,High income,,,,,,,,,,,,,,,13.3734880107045,13.7412487551271,12.743924562326,12.9074065798157,12.354012389961,11.8402118668564,11.4710622685997,10.6962533778202,10.3236042856441,10.2054203162047,13.2508967581541,12.0872553839412,11.1411851781401,10.8010458227791,,,,,,,,,,,,,,
,Lower middle income,,,,,,,,,,,,,,,27.4174615955872,,27.00151551978,,,,,,28.6349550208128,28.3002466020514,29.6861263966734,27.1681981095719,22.7396630692941,20.5666791060847,,,,,,,,,,,,,,
ABW,Aruba,,,,,,,,,,,,,,,16.56,,,,,,,,,,,,,,2.07814071860786,4.31629742195203,0.627471992893372,-2.37206524252261,0.421440918881214,0.474763597342641,-0.93119598707956,-1.02828178762012,3.6260414135296,4.25746204335427,,,,
AFE,Africa Eastern and Southern,,,,,,,,,,,,,,,,,,,,,,,,,,,,,5.53753791645676,8.97120640995788,9.15870843167905,5.74883133553454,5.52581923392517,5.09856164363687,6.44687722255584,6.22137528933118,4.6898064677633,4.10285075461156,5.19162942092851,6.82472709282067,10.8834775726018,7.39918558080627
AFG,Afghanistan,,,,,,,,,,,,,,,,,,,35.058,,,42.84,,,53.764,43.769,,,2.17853752389418,11.8041858089129,6.44121280934117,7.38577178397855,4.67399603536344,-0.661709164713741,4.38389195513914,4.97595150553832,0.626149149168846,2.30237251516833,5.60188791482224,5.13320340824962,13.7121023720064,-4.64470870797774
AFW,Africa Western and Central,,,,,,,,,,,,,,,,,,,,,,,,25.9912681491918,,,18.7018718827513,,1.78484420477113,4.01869907534491,4.57837463515948,2.43920076104126,1.76843582146223,2.13081738058791,1.48741550755546,1.72548602374731,1.78404994832044,1.98309228487232,2.49037783931949,3.74556782333009,7.94925144848567,5.22116801324002
AGO,Angola,,,,,,,,,51.3,,,,,,,10.009,,,30.622,,,,,22.922,27.286,28.126,24.766,21.383,14.4696564932576,13.4824679218511,10.2779049218839,8.77781429332623,7.2803873036112,9.35597215533783,30.6944150806719,29.8444799015679,19.628937970152,17.080954143438,22.2715392470509,25.754294884189,21.3552901320822,13.6441017767714
ALB,Albania,,,29.0,,34.6,32.8,33.7,33.1,30.1,30.1,29.4,,,,29.72,30.011,27.654,30.977,31.392,29.816,27.391,26.227,26.614,25.824,26.943,24.084,23.714,23.16,3.62710091517479,3.42807130141501,2.03159268395296,1.93762080205223,1.62586504402613,1.89617402592356,1.27543168367423,1.98666133171194,2.02805963071134,1.41109078954242,1.6208866171702,2.04147163139544,6.72520271530059,4.75834555150038
ARE,United Arab Emirates,,,,32.5,,,,,26.4,,,,,,,,,,,,,,,,,,,8.917,0.877983288285867,0.87734659568512,0.662268900269008,1.1011183637571,2.34626865671642,4.06996608361593,1.61748808904197,1.96682557818842,3.06863379251996,-1.93108114782172,-2.07940317940943,0.179935336174431,5.29122604376849,1.62670837213248
ARG,Argentina,43.7,42.7,41.4,41.1,41.8,,42.3,41.4,41.7,43.3,42.7,42.4,40.7,42.4,19.459,18.405,18.406,19.07,19.675,,,19.246,19.023,19.228,22.328,16.118,15.872,15.028,,,,,,,,,34.2772237131003,53.5483043492339,42.0150947376509,48.4093786255199,72.430757531824,133.488935594175
ARM,Armenia,30.0,29.4,29.6,30.6,31.5,32.4,32.5,33.6,34.4,30.0,25.1,27.9,27.9,27.2,38.292,37.223,34.62,34.889,38.032,35.56,36.584,36.586,24.746,25.461,25.984,21.892,24.533,20.177,8.17636138473951,7.65000807859294,2.55802007757907,5.7896677854465,2.98130868933672,3.73169119261693,-1.40360755900899,0.969553268816137,2.52023382001637,1.44344660770698,1.21143577838464,7.1848362944337,8.64091108973854,1.98041877615553
ATG,Antigua and Barbuda,,,,,,,,,,,,,,,,,,,,,,,20.78,,,,,,3.37002540220147,3.4567496723461,3.37688044338874,1.05949782356169,1.08944157435355,0.968993458825638,-0.489437796230498,2.43248789041362,1.20715793367007,1.43135598182983,0.625989707046719,2.06299638545334,7.53107834634288,5.06713865364212
AUS,Australia,34.7,,,,34.4,,33.7,,34.3,,33.8,,,,11.32,10.59,9.91,11.02,10.09,9.8,8.69,8.96,9.419,9.361,10.706,9.27,8.389,7.913,2.9183370211222,3.30384784681081,1.76278299052228,2.44988248109259,2.48792932080492,1.50836803138463,1.27699365720306,1.94864309065653,1.91140002818579,1.610770929127,0.846900734607273,2.86391284709318,6.59409658717841,5.59701792296707
AUT,Austria,30.3,30.8,30.5,30.8,30.5,30.5,30.8,29.7,30.8,30.2,29.8,30.7,30.9,31.2,10.788,10.559,10.158,10.341,10.758,11.038,10.914,10.454,10.422,11.008,11.419,12.257,12.155,13.118,1.81353438995061,3.2865791487538,2.48567562177014,2.00015616900597,1.60581182954473,0.896563335260319,0.891591752655362,2.08126911385586,1.99837981429548,1.53089564152643,1.38191063351853,2.7666666666667,8.54686993188457,7.81413417002831
AZE,Azerbaijan,,,,,,,,,,,,,,,9.64,,,,,,,,,,,,,,5.72687224669605,7.8583333333334,1.06621339720302,2.41571745279419,1.37344181533176,4.02768573742725,12.4433748584372,12.9359184187334,2.26854690373999,2.61057182799215,2.75980947008127,6.65029912708778,13.8522590144267,8.7854304984908
BDI,Burundi,,,,38.6,,,,,,,37.5,,,,,,,,5.066,,,6.19,,,11.167,,,,6.49326591473993,9.5921660597967,18.161045306545,7.93795807492417,4.40535234185293,5.54468891259779,5.55768961400965,16.0525353030391,-2.81469807668465,-0.686772170797358,7.3211064341552,8.4045384507634,18.8008786664944,26.9414835762453
BEL,Belgium,28.4,28.1,27.5,27.7,28.1,27.7,27.6,27.4,27.2,27.2,26.0,26.6,26.4,26.8,10.865,11.814,12.345,12.68,12.045,12.182,9.886,9.855,9.801,9.25,9.994,6.654,7.107,6.765,2.18929920422458,3.5320821072274,2.83966343445899,1.11309594027539,0.340002833356921,0.561429152790157,1.97385264653162,2.12597086002616,2.05316499865177,1.43681956996438,0.740791812220343,2.44024851144084,9.597511728725,4.04901077613941
BEN,Benin,,43.4,,,,47.6,,,37.9,,,34.4,,,,17.234,,24.525,,,,,,15.863,,,14.241,,2.20783532536523,2.7042390774728,6.74468253340712,0.428888888888883,-0.54875755094818,0.218785923536245,-0.793310145785624,0.0432648555103608,0.919170717886053,0.732849371241066,3.02272119663759,1.73353962694035,1.35077863583527,2.73870078406074
BFA,Burkina Faso,,,,,35.3,,,,43.0,,,37.4,,,,,,,,,,,41.004,13.358,,,18.528,34.25,-0.764230734676768,2.75976724854534,3.8181524025238,0.533738507090536,-0.258089517535291,0.724838981070516,0.441041448058809,1.48299897161325,1.95594302672532,-3.23338933983321,1.88470066518847,3.65326761825508,14.2902354303358,0.742910428668917
BGD,Bangladesh,32.1,,,,,,32.4,,,,,,30.9,,30.06,43.649,,32.041,,,28.88,27.386,,,,,14.958,14.338,8.12667639169917,11.3951651552399,6.21750422069283,7.53040640913172,6.99163889220848,6.19428022984983,5.51352572692995,5.70207015717238,5.54362139486476,5.59199639930629,5.69107474746211,5.54565430773473,7.69695437176898,9.8835030377921
BGR,Bulgaria,35.7,34.3,36.0,36.6,37.4,38.6,40.6,40.4,41.3,40.3,40.5,39.0,38.2,39.5,21.145,22.4,21.592,20.954,20.194,18.474,18.198,15.848,13.844,13.546,14.706,13.568,12.55,11.152,2.43899060504117,4.21990346601872,2.95456829831012,0.890093540913096,-1.41818380264839,-0.104633261008479,-0.798649886453617,2.06159619443141,2.81454473824838,3.10372944796771,1.67244096855756,3.29774435299506,15.3252589264367,9.44284140088564
BHR,Bahrain,,,,,,,,,,,,,,,,,,,,,,,,,,,,,1.96188468334623,-0.40004069748808,2.75739669962979,3.30001156888442,2.64755321246188,1.84862742374976,2.78679347602044,1.38671830576406,2.08766938046978,1.00582004702136,-2.31770629331378,-0.60631938514085,3.62574104304482,0.0746206782192255
BHS,"Bahamas, The",,,,,,,,,,,,,,,,,,,,,,,,,,,,,1.34402738392835,3.1987814166032,1.97336755976254,0.722414784530551,1.51375643050831,1.86148302863371,-0.346376929989396,1.51820700736147,2.26586346678735,2.49123527368045,0.0385210980054557,2.90491262928478,5.60540633583043,3.05291578969742
BIH,Bosnia and Herzegovina,,33.3,,,,32.9,,,,,,30.3,,,28.728,28.304,28.923,26.634,27.097,28.348,27.09,25.506,22.605,22.598,21.805,19.302,17.623,15.98,1.99621236745886,3.67125,2.05267452001717,-0.0930456838317588,-0.897194054194333,-1.03602303425474,-1.58410000000001,0.810133321953038,1.41710814018033,0.56278215406123,-1.05129600763489,1.98163900587622,14.0208440826771,6.1059011284828
BLR,Belarus,28.6,27.2,26.5,26.6,27.2,25.6,25.3,25.4,25.2,25.3,24.4,,,,,,,,,,8.052,7.111,6.203,6.897,6.79,5.476,5.149,,7.735748043125,53.2286983118174,59.2197360232518,18.3122610377873,18.1195543526734,13.5344897649734,11.8365807653496,6.03183725177785,4.87230220550689,5.59815595039853,5.5481435745651,9.46028389623105,15.2096752740809,5.00059903091312
BLZ,Belize,,,,,,,,,39.9,,,,,,,,11.954,27.928,27.785,27.679,27.378,27.378,24.714,24.884,,,,,0.917977378808887,1.602056156402,1.30058074547858,0.50974776898322,1.20139964481057,-0.861584009427747,0.663427167917601,1.14765339305816,0.269982622646335,0.187069385181424,0.121434644614893,3.2356365923707,6.27689319447543,4.38984017487674
BMU,Bermuda,,,,,,,,,,,,,,,6.79,,,,,,,,,,,,,,,,,,,,,,,,,,,
BOL,Bolivia,,46.1,46.6,47.6,47.8,46.7,45.2,44.6,42.6,41.6,43.6,40.9,41.2,42.1,,10.854,10.414,10.45,11.158,14.561,10.791,11.577,10.834,11.606,13.702,10.976,9.969,9.597,2.5032760584424,9.88446419823883,4.51560291399375,5.73640023719606,5.76660074579143,4.05961041135644,3.62321431764138,2.8227580554717,2.27205987230154,1.83954504969025,0.940742153381849,0.737383721452274,1.74632872945968,2.57688800489192
BRA,Brazil,,52.9,53.4,52.7,52.1,51.9,53.4,53.3,53.9,53.5,48.8,52.9,51.9,51.5,,19.397,20.536,20.902,20.686,22.103,23.803,24.866,24.605,23.986,25.991,23.377,20.975,20.621,5.03872690108074,6.6364496221309,5.40349914036997,6.204310666401,6.32904015516138,9.02990102416136,8.73914352329393,3.44637335032669,3.66485028376728,3.73297621216893,3.21176803803376,8.30165975585673,9.28010608956872,4.59356282283203
BRB,Barbados,,,,,,,34.1,,,,,,,,,,,,,,28.993,,,,,,,,5.82421853311866,9.4322024017722,4.53334753888774,1.81410436049096,1.76950322089728,-1.11278992510958,1.28192813061895,4.66018463955995,3.1060057242059,1.67662473276987,,,,3.18718905472631
BRN,Brunei Darussalam,,,,,,,,,,,,,,,,,,,17.111,,,19.966,20.716,20.092,21.433,18.679,20.004,16.524,0.35686913201756,0.13791156316954,0.111766261400306,0.389205053123632,-0.207108731719822,-0.488347420743522,-0.278693265753083,-1.2605056462896,1.02505179290212,-0.390522069165529,1.94031996607183,1.73341388450593,3.68225030604215,0.35706431153689
BTN,Bhutan,,,38.8,,,,,37.4,,,,,28.5,,,,,,,,,,15.188,10.405,11.968,9.563,18.624,19.723,7.03638316073018,8.848985699468,10.919656944683,8.77638345268212,8.27106093949327,4.54814395082205,3.21988689395717,4.95508366985129,2.72396386183713,2.72643037388832,5.62936522632507,7.3468144053353,5.6391667139637,4.22934419929251
BWA,Botswana,,,,,,54.9,,,,,,,,,,,,,,,,,,31.985,37.144,35.168,37.003,37.581,6.94887658743103,8.45987233408583,7.53690261091916,5.88460707056816,4.40225309243427,3.06203169580557,2.81495791361943,3.30828076768219,3.23801558947715,2.7728644286332,1.8903591682421,7.24097765588442,11.665567478802,5.06761549343829
CAF,Central African Republic,,,,,,,,,,,,43.0,,,,,,,,,,,,,,,,,1.49102370047802,1.1944757244985,5.47829594346117,6.98879341970198,14.8986841797549,1.40297017136816,4.94543276106518,4.18072331871266,1.61215686991555,2.68537355266786,1.71015659523152,4.25936417542868,5.58316735183246,2.97913852618936
CAN,Canada,33.6,32.7,33.5,33.8,33.2,33.7,32.7,33.3,32.5,31.8,29.9,31.1,31.5,,13.697,13.192,13.252,12.914,13.55,13.272,12.889,12.072,12.211,12.043,17.865,12.815,11.599,11.735,1.77687154092627,2.91213508872351,1.51567823124516,0.938291897815316,1.90663590717861,1.12524136094277,1.42875954701085,1.59688412852976,2.26822567248103,1.94926902411592,0.716999632307827,3.39519318527527,6.80280115341612,3.87900159788425
CEB,Central Europe and the Baltics,,,,,,,,,,,,,,,13.8529650510098,14.2737602107031,14.4061661137891,14.7432438274824,14.1978132651415,13.2056597502077,12.687547662384,11.5989560082014,10.7605887258187,10.6277509099596,11.1862969084758,12.5788243352122,11.5796951075358,11.067332928549,,,,,,,,,,,,,,
CHE,Switzerland,32.6,31.7,31.6,32.5,32.5,32.3,33.0,32.7,33.1,34.0,33.7,33.8,33.8,,8.452,7.906,8.799,9.585,9.108,9.351,8.672,8.133,7.925,7.707,8.621,9.578,9.314,6.611,0.688238707219974,0.2313492076509,-0.692552018105163,-0.217323155115672,-0.0132025387515945,-1.14390867228178,-0.434618664285814,0.533787839825876,0.936335464113572,0.362886179940674,-0.725874933313402,0.581814168489855,2.83502798644451,2.13540088016386
CHL,Chile,,46.9,,46.8,,45.3,,45.3,,,47.0,,43.2,,19.536,19.176,18.046,18.413,18.96,19.198,17.502,18.277,,,19.222,15.335,14.42,15.321,1.4107110795432,3.34121694259302,3.00744840213047,1.7895555398459,4.71867527854671,4.34877353217044,3.78619355893118,2.18271846868519,2.43488981353057,2.55754475703326,3.04549084804326,4.52456838259143,11.6438667110559,7.58168251407962
CHN,China,43.7,42.4,42.2,39.7,39.2,38.6,38.5,39.1,38.5,38.2,37.1,35.7,36.0,,,,,,,,,,,,,,,,3.17532475269199,5.55389892257493,2.6195243264554,2.62105001748114,1.9216416278852,1.43702380935654,2.00000182191943,1.59313600071435,2.07479039965576,2.89923416358226,2.41942189457782,0.981015135544881,1.9735755573905,0.23483682889305
CIV,Cote d'Ivoire,,,,,,41.5,,,37.2,,,35.3,,,,,22.756,17.511,,,25.759,34.827,,21.917,,,18.834,,1.22645612135479,4.9124339505245,1.30451119915606,2.58117037252935,0.448682076766141,1.25149954781467,0.723178457513308,0.685881065304603,0.401297817263547,0.79085551205366,2.41252617189052,4.15919657911797,5.23352856100842,4.36972254867474
CMR,Cameroon,,,,,46.6,,,,,,,42.2,,,10.79,,,,17.015,,,,,,,23.223,,,1.27538046242338,2.93969946305091,2.73529677529539,2.0503471800174,1.85489850366776,2.67623531419899,0.874190383288856,0.64040914988195,1.0688581131292,2.45280214062732,2.43760882182236,2.27185762503637,6.24767713343861,7.38281384280983
COD,"Congo, Dem. Rep.",,,42.1,,,,,,,,44.7,,,,,,21.36,,,,,,,,31.372,,,,7.10000000000037,15.316515913949,9.72182806273364,0.80822310148711,1.24303889760802,0.74419899478147,2.88585107289988,,,,,,,
COG,"Congo, Rep.",,48.9,,,,,,,,,,,,,,,,,,,,,,,,,,,0.391525011227612,1.75958704273803,5.01018773134471,4.63161619729461,0.912139545450097,3.16909796750829,3.19056179723773,0.450063823285546,1.15277896375523,2.20607305781525,1.79537147083107,1.7156427545126,3.04344334698477,4.30174563591016
COL,Colombia,54.4,53.3,53.6,53.5,53.6,52.0,51.7,50.9,51.6,52.5,54.4,55.1,54.8,54.6,23.437,23.026,22.532,22.084,21.402,21.141,21.131,21.837,22.841,23.917,,27.264,24.423,23.251,2.27200227892008,3.4150334477625,3.16930188840055,2.01699224310383,2.89883787761737,4.98983115849529,7.51346024627674,4.3143132569501,3.24056932930569,3.52301932741446,2.52663500084706,3.49505757399448,10.1772313546166,11.7359044948689
COM,Comoros,,,,,45.3,,,,,,34.2,,,,,,,,27.584,,,,,,,21.168,,,3.35475770328919,1.8426630075619,6.31474450315177,-4.29487331536756,7.54755379096711,-0.117173884190069,0.797517430888487,-0.237362224154613,2.15155084413033,3.58213544469211,0.786641929499151,-0.00441793682346988,12.5320314570998,8.37373955490995
CPV,Cabo Verde,,,,,,42.4,,,,,,,,,,,,,,,,31.4,30.25,27.99,,,,,2.07866470906423,4.47388342165023,2.54039644167108,1.50654285701407,-0.238778144990623,0.131187999024544,-1.40781637091705,0.784415251101334,1.25615185860785,1.10750930553819,0.6057961856899,1.86215256793885,7.93092928079189,3.72437535861454
CRI,Costa Rica,48.0,48.8,48.4,49.2,48.6,48.4,48.7,48.3,48.0,48.2,49.2,48.7,47.2,46.7,19.087,21.144,17.571,17.966,18.306,18.648,20.447,19.96,18.678,17.582,19.946,18.991,17.181,20.883,5.66275708420021,4.87799830970702,4.49545314354605,5.23133614174428,4.51920098516953,0.801982005099623,-0.0174788505908217,1.62590692991731,2.2211146152658,2.09604635327807,0.724911478131375,1.72647755109241,8.27477490232654,0.525193508693455
CUW,Curacao,,,,,,,,,,,,,,,,,,,,,,,5.06,,17.46,,,,2.77944261312586,2.3325315256217,3.18398746349454,1.33232086152117,1.49873969616429,-0.476542049801404,-0.0472079848940292,1.58558801700344,2.58368756641813,2.62220783425058,,,,
CYM,Cayman Islands,,,,,,,,,,,,,,,,,,,,,,,,,,,,,0.276140861750108,1.32543575779664,1.18894845245607,2.1606114681339,1.27397911533387,-2.34752770165615,-0.62525835861814,,,,,,,
CYP,Cyprus,31.5,32.6,34.3,37.0,35.6,34.0,32.9,31.4,32.7,31.2,31.7,31.3,31.5,31.8,11.683,14.643,15.977,18.668,17.008,15.301,16.02,16.094,13.21,13.659,14.357,13.774,14.721,13.644,2.43004084102254,3.28944939564211,2.38905410042316,-0.399357676464425,-1.35498885446314,-2.0969976905311,-1.42916666666665,0.531766496174467,1.43549119531759,0.250370996758493,-0.638422797978958,2.44608867175474,8.39548297993334,3.54134188751663
CZE,Czechia,26.6,26.4,26.1,26.5,25.9,25.9,25.4,24.9,25.0,25.3,26.2,26.2,25.9,25.7,9.044,8.719,9.23,9.453,8.416,7.718,7.149,6.405,5.738,5.824,6.682,6.61,7.58,7.034,1.47272727272728,1.9172191363555,3.28762306610411,1.4382978723404,0.343988589646793,0.309364548494975,0.683504209385702,2.4505339846014,2.14949494949492,2.84787595918041,3.1612952849781,3.83984491500146,15.100165146837,10.6612601372427
DEU,Germany,30.2,30.4,30.9,31.4,30.8,31.4,31.3,31.3,31.9,32.2,32.5,33.6,33.7,,8.451,8.156,7.231,6.41,6.365,6.239,6.701,6.266,6.011,5.607,7.295,7.717,7.096,7.678,1.1038103778926,2.07517283735874,2.00848884782956,1.50472330251876,0.906794000434245,0.514426137125456,0.491747008445174,1.50949485109628,1.73216879766941,1.44565976888253,0.144877925813981,3.06666666666673,6.87257438551096,5.94643667725823
DJI,Djibouti,,,45.1,44.1,,,,41.6,,,,,,,,,,,,,,51.027,,,,,,,3.95007875923886,5.0687139477798,3.73120950756887,-12.563149225034,1.34186494340162,-0.522166521445793,2.40252905434889,0.57728572456066,0.138836400011405,3.31763203299602,1.77900535643955,1.18086783934059,5.17222088647605,1.44905087029085
DMA,Dominica,,,,,,,,,,,,,,,,,,,,,,,,,,,,,2.99936630549,1.1312313652648,1.35677147808859,-0.0464116468805991,0.799250372687492,-0.843826984638329,0.141816225732312,0.296252889279486,0.989191119189889,1.50462353858141,1.22026442242476,2.22891330700343,2.88490226829353,5.08677483158111
DNK,Denmark,27.2,27.3,27.8,28.5,28.4,28.2,28.2,28.7,28.2,27.7,27.5,28.3,29.3,29.9,6.857,7.186,7.346,6.633,6.394,7.032,6.72,7.582,7.683,7.722,7.464,7.111,6.766,7.155,2.31092436974786,2.7586822605125,2.3979148566464,0.789071780078062,0.56402054044954,0.452034153691574,0.250000000000031,1.14713216957601,0.813609467455631,0.75813157251162,0.420711974110024,1.85304543989689,7.69656699889259,3.30517811237605
DOM,Dominican Republic,47.3,47.7,46.1,47.7,44.3,45.2,45.7,42.2,43.7,41.9,39.6,38.5,37.0,38.4,21.006,20.085,20.349,20.964,19.649,25.232,25.374,24.336,24.5,24.727,37.702,27.333,26.61,25.678,6.32993220146146,5.79676809206533,3.69449707884776,4.830950967408,2.99864226125218,0.836746346724556,1.61416607245222,3.27955694678546,3.56443426013507,1.81060377042959,3.78103179915516,8.24300347981809,8.81109209279587,4.78561281021135
DZA,Algeria,,27.6,,,,,,,,,,,,,24.53,26.0,22.7,21.5,22.8,21.2,,20.95,,,,,,,3.91106195534028,4.5242115050527,8.89145091062317,3.25423910998847,2.91692692067458,4.78444700693889,6.39769480268756,5.59111590961663,4.26999020467083,1.95176821052891,2.41513094083413,7.22606307415477,9.26551551551552,9.32217375928322
EAR,Early-demographic dividend,,,,,,,,,,,,,,,28.1434300213812,,26.8320367367017,,,,,,27.7390616638768,27.5753695688594,29.3020911041131,26.1898448916038,23.7258138343722,21.8167904652246,,,,,,,,,,,,,,
ECA,Europe & Central Asia (excluding high income),,,,,,,,,,,,,,,,,,,22.287451582483,21.3533890479405,22.1702915587057,21.8426354219471,,,,,,,,,,,,,,,,,,,,
ECS,Europe & Central Asia,,,,,,,,,,,,,,,16.2866177489881,15.9037380931145,15.9472732311447,15.72821757188,15.2945556988154,14.7173337340764,14.9401298228001,14.4279356908596,13.9545054555004,13.9701519813362,15.029392309499,13.9864835568555,12.6858593676921,12.1051680556045,,,,,,,,,,,,,,
ECU,Ecuador,48.8,45.9,46.1,46.9,45.0,46.0,45.0,44.7,45.4,45.7,47.3,45.8,45.5,44.6,15.66,16.433,16.554,17.357,20.234,19.811,18.44,17.56,17.67,17.516,,18.497,17.99,18.634,3.55437734567842,4.4745326579584,5.10172180958665,2.72177577710371,3.58922016616663,3.96664623255357,1.72826463324532,0.417335588666824,-0.224103246005552,0.266012515466155,-0.338872392562139,0.133251386096389,3.46616972213076,2.21568764237058
EGY,"Egypt, Arab Rep.",30.2,,28.3,,,31.8,,31.5,,31.9,,28.5,,,33.084,32.099,31.553,28.396,26.28,27.605,27.61,26.903,27.095,27.959,30.156,28.743,26.92,24.567,11.2651882653185,10.0649259874818,7.11172943343082,9.4697198106492,10.0702154687481,10.370490343517,13.8136062148289,29.5066083940038,14.4014657807421,9.15279959324803,5.04493288977538,5.21404940513042,13.8956609775177,33.8847763115546
EMU,Euro area,,,,,,,,,,,,,,,12.8756905136342,12.9643335113379,13.1379420935714,13.4948818411383,13.0626747489272,12.6422482581278,12.1666183373739,11.6533020163518,11.1396222338622,10.6802923851317,11.7368608143381,11.0800984841138,9.97017076359883,9.72627600096376,,,,,,,,,,,,,,
ESP,Spain,35.2,35.7,35.4,36.2,36.1,36.2,35.8,34.7,34.7,34.3,34.9,33.9,33.6,33.4,17.132,17.582,16.836,17.903,15.748,14.603,13.793,12.151,11.841,11.584,13.682,11.688,9.221,9.3,1.79986457728768,3.1961018883379,2.44612782366808,1.40858109183018,-0.151114837527234,-0.500365709903242,-0.202598000426452,1.95607633363963,1.6749813686379,0.699518994458738,-0.322753017299739,3.09313511976419,8.39057634118626,3.53236133492432
EST,Estonia,32.0,32.5,32.9,35.1,34.6,32.7,31.2,30.4,30.3,30.8,30.7,31.8,32.3,30.7,14.026,11.568,12.2,11.319,11.749,11.482,9.568,10.026,10.348,7.859,9.204,10.921,10.735,9.595,2.97204512015693,4.9819013145361,3.93339987296985,2.78056658954987,-0.106175146521709,-0.49232600654737,0.148684907627372,3.41723549488054,3.43632688420446,2.27725931243522,-0.444531097679829,4.65316673847472,19.3982634080616,9.15922507983982
ETH,Ethiopia,33.2,,,,,35.0,,,,,,31.1,,,,,,10.482,,,,,,,,17.529,,,8.14926402965082,33.2499598823344,23.600417677317,7.46402192944517,6.89001951597191,9.56889955968623,6.62813337230924,10.6871150284238,13.8330356586661,15.8096321719344,20.3563468559061,26.8395221557722,33.8898797100898,30.2188278135278
EUU,European Union,,,,,,,,,,,,,,,12.8734703732072,13.0704133353554,13.2278434021131,13.5366895494001,13.0766466870807,12.5317938647084,12.0672364424437,11.4474376505681,10.9239672102564,10.5294881983729,11.4769054618122,11.2025696835793,10.1407714930687,9.86657262131849,,,,,,,,,,,,,,
FIN,Finland,27.7,27.6,27.1,27.2,26.8,27.1,27.1,27.4,27.3,27.7,27.1,27.7,27.9,27.4,8.651,8.398,7.713,9.406,9.857,10.59,9.238,8.888,7.746,7.386,9.365,8.492,8.068,8.841,1.18413523154646,3.41680754255211,2.80833622561573,1.47828615688809,1.04119621178439,-0.207928839905268,0.356684500891695,0.754015047084346,1.08382098409305,1.0240939296343,0.290554555653239,2.19457432340007,7.12350773301402,6.25064322154762
FJI,Fiji,,,,36.7,,,,,,30.7,,,,,,18.404,,,19.09,,20.086,,,,,,,,3.6890122967076,7.278117827085,3.42337523401979,2.91354193603992,0.519306474579106,1.37488542621446,3.86322538221277,3.34757834757831,4.08147637644542,1.79388647514555,-1.70014167847317,1.53454853751591,6.07882431529724,2.97544080604538
FRA,France,33.7,33.3,33.1,32.5,32.3,32.7,31.9,31.6,32.4,31.2,30.7,31.5,31.2,31.8,12.876,12.415,12.843,13.434,13.5,13.967,13.94,13.425,13.082,12.618,12.701,11.483,11.557,11.804,1.53112270420918,2.11159795175,1.95419531613509,0.863715497861804,0.507758822937989,0.0375143805125181,0.183334861123764,1.03228275064681,1.85081508315492,1.10825492288293,0.476498852725065,1.64233141038393,5.22236748369725,4.8783572650844
FSM,"Micronesia, Fed. Sts.",,,,40.1,,,,,,,,,,,,,,,28.673,,,,,,,,,,3.31370963136217,5.08259403890371,5.01850353045616,1.75232737350762,0.650284891767944,-0.2981158373807,-1.03746806405349,0.58225373525489,1.49840023593737,1.92385170787923,0.554594630853174,3.19128406597466,5.40874375479067,
GAB,Gabon,,,,,,,,38.0,,,,,,,,,,,,,,,,,,,,,1.46154402720469,1.26331707837421,2.65241828695626,0.505441058915615,4.69045751826284,-0.338795188753406,2.10670712784054,2.65192583143902,4.74906652083221,2.46456756151187,1.35276110675333,1.0869074651941,4.23124798274579,3.62901534185376
GBR,United Kingdom,33.7,33.2,33.1,32.7,33.1,33.3,33.1,32.6,33.7,32.8,32.7,32.4,,,16.189,16.565,16.193,15.399,13.992,12.895,12.692,12.261,12.333,12.335,12.607,11.41,11.809,12.802,2.49265472467065,3.8561124468282,2.5732347965453,2.29166666666659,1.45112016293279,0.36804684232536,1.0084173681141,2.55775577557747,2.29283990345938,1.73810460086513,0.989486703772491,2.51837109614213,7.92204883147902,6.79396706793963
GEO,Georgia,39.5,39.6,39.0,38.6,37.6,36.5,36.6,37.9,36.4,35.9,34.5,34.2,33.5,34.8,,,32.562,30.954,28.772,27.436,26.815,24.758,26.851,25.998,24.906,22.357,20.166,18.049,7.11017897486099,8.5429333333333,-0.943658853270964,-0.512058410947092,3.06881210379543,4.00357820695097,2.13492713939121,6.03531725272117,2.6152447139767,4.85289821696723,5.2024648897534,9.56691433824769,11.8981654203198,2.48776056578715
GHA,Ghana,,,42.4,,,,43.5,,,,,,,,20.248,,,14.129,,31.211,,22.994,,,,22.745,27.604,21.934,10.7333898354915,8.7284593709302,11.1863409441067,11.6661923071729,15.4896160333318,17.1499695007878,17.4546347070868,12.3719215507048,7.80876516610703,7.14364003330857,9.88728956269944,9.9710886750444,31.2558951049016,38.1069656296501
GIN,Guinea,,,33.7,,,,,,29.6,,,,,,,,,,24.885,,,,,34.301,,,,,15.0502688559001,21.3169268542577,15.2262941038638,11.8875884481828,6.1505055670642,11.7800825029834,8.17268112275132,8.91435947913097,9.82761701259191,9.47001039253012,10.6016203387167,12.5972882566934,10.4930409984424,7.80497591927973
GMB,"Gambia, The",43.6,,,,,35.9,,,,,38.8,,,,,,31.083,,,,,,28.987,,,,,39.848,5.04968075857402,4.7958826618311,4.25432199813899,5.69912989637382,5.94799935696626,6.8084549457961,7.22879272057922,8.03418974545911,6.52096823946573,7.11567625631192,5.93127636562441,7.37034758876618,11.5131198380505,16.9742129632327
GNB,Guinea-Bissau,50.6,,,,,,,,34.8,,,33.4,,,,,,,,,,,21.585,31.157,,,13.201,,2.51785140171701,5.046102263202,2.13054580274503,1.20712555668405,-1.50924460570494,1.47672048910485,1.50312055861088,1.69111461822298,0.381324702790992,0.24660026814783,1.14000939393222,2.24248879577658,9.39075933985203,7.10220928557059
GNQ,Equatorial Guinea,,,,,,,,,,,,,38.5,,,,,,,,,,,,,,,,7.78916547991184,4.805389221557,3.65662048278806,2.94887694639662,4.30999866149107,1.67663085315988,1.41193915479015,0.74435474661241,1.06007410662171,1.53027528964189,4.76669523944228,-0.0971007664640198,4.78671704710803,2.85949506037322
GRC,Greece,34.1,34.8,36.3,36.1,35.8,36.0,35.0,34.4,32.9,33.1,33.6,32.9,33.4,33.4,15.767,18.311,21.134,21.244,19.869,17.896,16.239,15.885,14.688,12.977,13.53,12.048,11.352,12.505,4.71298907760395,3.3298532335065,1.50152696177758,-0.921269454256899,-1.31226096405525,-1.73588804765275,-0.825653978391033,1.12125452031425,0.62562141345364,0.253007522038059,-1.24798355581405,1.22382501019854,9.64525981280642,3.46480128513405
GRD,Grenada,,,,,,,,,43.8,,,,,,,,,,,,,,26.434,23.131,28.138,26.734,,20.092,3.43650905943351,3.0334728033474,2.41077704021862,-0.0439997864828058,-0.98360305555498,-0.515448031435329,1.65038994431573,0.908458255874249,0.804102313277033,0.598149764736022,-0.740732597045498,1.21951193916838,2.5805392590792,2.69612269814564
GTM,Guatemala,,,,,48.3,,,,,,,,,45.2,27.862,25.111,22.909,27.654,26.901,26.664,27.42,27.263,27.79,28.185,,26.139,29.552,23.824,3.8595090983316,6.214123930671,3.78180754679678,4.34337131279521,3.4183616966296,2.3887203283955,4.44844199942827,4.42453655182546,3.75186186704508,3.69998398008605,3.21444062197345,4.26105127422813,6.88512823344287,6.20657592272126
GUY,Guyana,,,,,,,,,,,,,,,,,,,,,,,42.926,45.662,,,,,3.73337757704246,4.9777356370697,2.39193521312334,1.90125181860582,0.852630497539914,-1.00173432776374,0.836008061506207,1.90465615515584,1.28284288443528,2.08723089162013,0.99333702283873,5.03285574626702,6.11505550109935,2.82110335099641
HKG,"Hong Kong SAR, China",,,,,,,,,,,,,,,6.954,6.156,6.144,6.675,6.622,6.603,6.099,6.384,6.488,6.725,8.992,7.242,6.701,5.942,2.29289088604673,5.3052489299392,4.05390950903844,4.33799342105267,4.42364532019699,2.99084819322581,2.40930743862224,1.49387243939522,2.40613432046534,2.88320853773996,0.2509620210808,1.56875834445922,1.88136707196853,2.09660511249089
HND,Honduras,53.1,52.6,53.4,50.0,49.9,49.2,49.8,49.4,48.9,48.2,,,,46.8,26.206,27.552,28.668,26.81,28.674,26.957,27.817,27.716,26.681,28.106,,31.916,31.232,30.39,4.69889064976226,6.7622795731476,5.19618615531848,5.16189898581494,6.12924930313022,3.15783117980923,2.72461223295289,3.93436084442044,4.34734937777528,4.36587159819267,3.46841177951184,4.48087963413445,9.08963911525025,6.66325180347457
HRV,Croatia,32.4,32.3,32.5,32.0,32.1,31.1,30.9,30.4,29.7,28.9,29.5,28.9,30.0,30.1,15.666,16.218,16.649,19.561,18.871,17.952,16.664,15.26,13.33,11.966,12.055,12.53,11.425,9.874,1.03055505333574,2.2727272727273,3.41207349081358,2.21658206429779,-0.215196159576268,-0.464499004644911,-1.12500000000002,1.12937210282347,1.50012501041756,0.771820346498019,0.154811374562106,2.55450699642041,10.7805806758686,7.9412817758683
HTI,Haiti,,,41.1,,,,,,,,,,,,,,21.086,,,,,,,,,,,,4.82734190074673,6.33279483849042,5.01804155429246,4.76502404779142,3.43816659958601,6.73184069658997,11.5029073942666,10.6800887242584,12.4814111170435,18.7037825672506,22.7963113642528,16.8415240198785,33.98393194707,36.8135162780854
HUN,Hungary,29.4,29.2,30.8,31.5,30.9,30.4,30.3,30.6,,,,,,,12.555,13.213,14.785,15.466,13.619,11.581,11.047,11.039,10.741,11.015,11.743,10.615,9.841,9.832,4.85555795691956,3.9299209893507,5.65214517088646,1.73319984983101,-0.227566270988219,-0.0616446800641672,0.394769306686392,2.34824281150154,2.85024792594646,3.33858635382008,3.32674385766738,5.11096534382855,14.6081439492433,17.1249659678737
IDB,IDA blend,,,,,,,,,,,,,,,,30.2469722681908,,28.9028634096246,,,30.6802159500821,,,27.3104306780583,,,,,,,,,,,,,,,,,,
IDN,Indonesia,34.6,37.9,37.1,38.9,38.8,38.2,36.9,36.4,36.3,35.4,35.3,35.5,35.5,36.1,26.649,25.897,22.949,22.888,22.354,22.919,22.479,21.449,21.738,20.547,21.8,22.455,22.336,21.365,5.13420639015885,5.35604849112582,4.2795142691943,6.41249457900391,6.39492882396559,6.36312061196646,3.52580452815451,3.80879857691949,3.19834755924996,3.03058460941661,1.91983527270793,1.56007882983334,4.20946463714784,3.66938654859761
IND,India,,28.8,,,,,,,,,,,25.5,,28.943,,26.863,,,,,,30.805,31.195,30.703,28.006,25.763,23.494,11.9893899204244,8.91179336483371,9.47899691419801,10.0178784746102,6.66565671867899,4.90697344127256,4.94821634062141,3.32817337461298,3.9388264669163,3.72950573539129,6.62343677628535,5.13140747176369,6.69903414079852,5.64914318907925
IRL,Ireland,32.3,32.9,33.2,33.5,31.9,31.8,32.8,31.4,30.6,30.3,29.2,29.4,29.9,29.0,19.454,19.164,19.201,16.44,15.287,14.293,12.629,10.979,10.113,10.182,12.103,7.24,6.441,5.067,-0.918388645376774,2.5489783020855,1.69474116680366,0.515099484900573,0.190916398713745,-0.330959783371788,0.0201247735963237,0.362173038229378,0.471130713712916,0.937842961189274,-0.326183651280033,2.34034113447044,7.82945736434105,6.29942487419125
IRN,"Iran, Islamic Rep.",,34.7,34.4,34.0,34.8,35.3,35.9,36.7,37.4,36.5,35.8,35.5,34.8,35.9,34.426,32.9,32.103,33.452,33.334,32.746,32.382,32.263,32.09,30.401,29.404,27.468,26.94,25.65,10.0893629287979,26.2933856738608,27.2568127242908,36.6030355191029,16.6065532357449,12.4846815611533,7.24542548952979,8.04492437660278,18.0141183371874,39.9073455697784,30.5941390387295,43.3890162681514,43.4884641742179,44.5791857572797
IRQ,Iraq,,,29.5,,,,,,,,,,,29.8,,,40.645,,,,,,,,,36.932,,,2.8777472527476,5.801455370853,6.08909641595043,1.87949800749469,2.23597407904679,1.39333028780309,0.556521397155511,0.18405889884769,0.367441488936849,-0.198965380023928,0.574162679425795,6.04186489058044,4.99476596381044,4.35835351089586
ISL,Iceland,26.2,26.8,26.8,25.4,27.8,26.8,27.2,26.1,26.6,26.8,,,,,7.885,7.147,6.644,6.474,5.721,4.751,4.286,4.066,5.305,5.237,6.655,6.973,6.08,5.843,5.39673113167477,4.0010266434312,5.18589988750698,3.87227923748249,2.04461481539333,1.63305558181326,1.69692761997751,1.76041559180596,2.68291768267392,3.01397179156053,2.84792401518665,4.44423970189739,8.3087551155892,8.73630299937298
ISR,Israel,42.6,41.5,41.3,39.9,39.8,39.7,39.0,38.2,38.6,38.3,37.8,37.9,38.3,,,,15.382,14.425,14.472,14.314,13.683,13.575,13.418,14.285,16.064,16.762,15.453,14.935,2.70270270270273,3.48837209302323,1.67553715750052,1.58976347421476,0.467557251908503,-0.617342577642765,-0.535168195718695,0.249807840123008,0.805060379528526,0.817645940292794,-0.575254620897756,1.47965474722561,4.41162725488371,4.22522603168918
ITA,Italy,34.7,35.1,35.2,34.9,34.7,35.4,35.2,35.9,35.2,34.6,35.2,34.8,33.7,34.3,18.997,19.675,20.971,22.166,22.183,21.457,19.974,20.2,19.239,18.128,19.132,19.768,15.858,12.672,1.52551602118248,2.78063272879323,3.04136333226775,1.21999342274306,0.241047429826756,0.0387903996579733,-0.09401665691575,1.22653316645812,1.13748763600391,0.611246943765304,-0.13770757391651,1.87378325762481,8.20128991161718,5.62219442195901
JAM,Jamaica,,,,,,,,,35.3,,,39.9,,,31.609,31.524,32.302,33.782,32.959,,29.764,27.877,26.058,22.908,29.665,26.052,21.79,19.696,12.6105519975603,7.555856465809,6.87397708674309,9.34150076569673,8.27407886231419,3.69154228855725,2.35102197485846,4.37839864991561,3.73663882152163,3.90510000865872,5.2267777929352,5.86278242801063,10.3495688391272,6.47413734662063
JOR,Jordan,33.7,,,,,,,,,,,,,,,,,,,,,38.059,36.519,36.001,35.385,32.849,31.495,30.233,4.84551875852116,4.1624416292779,4.5152295667099,4.82462314269537,2.89947905006057,-0.876851359704049,-0.778430463054142,3.32389447576097,4.46231108475481,0.761514047265601,0.333294350628378,1.34609377243118,4.22915568897117,2.08486986327134
JPN,Japan,31.5,33.0,32.5,31.5,31.3,30.7,31.8,31.8,32.9,33.0,32.3,,,,4.34,,4.26,3.96,3.74,3.66,3.55,3.32,2.97,3.14,,,,,-0.728243207517779,-0.27245561610124,-0.0440645104432602,0.335037912184741,2.75922671353253,0.795279630579839,-0.127258844489754,0.484199796126385,0.989094598021848,0.46877615938395,-0.024995834027731,-0.233352779398264,2.49770278172255,3.26813365933163
KAZ,Kazakhstan,28.0,28.0,28.2,27.1,27.0,26.8,27.2,27.5,27.8,28.0,28.7,29.2,,,8.198,7.8,8.026,8.021,8.763,8.464,9.491,,,,,,,,7.40046356341396,8.4529046617679,5.19568369035073,5.94283871648418,6.84944977003358,6.67828585615236,14.3610942386248,7.44266321306792,6.16366247577762,5.33356098916669,6.71815454861458,8.04147134028401,15.0278644440851,14.5275597825952
KEN,Kenya,,,,,,40.8,,,,,36.2,38.7,38.5,,,,,,,,13.731,,,19.667,,18.503,27.785,,3.96138889115385,14.0224913014704,9.37777003547598,5.71749357037733,6.87815499275949,6.58215429284779,6.29724953814625,8.00564967709945,4.6898064677633,5.23963795764792,5.40516207933392,6.10793603659176,7.65986268272224,7.67139634029402
KGZ,Kyrgyz Republic,30.1,27.8,27.4,28.8,26.8,29.0,26.8,27.3,27.7,29.7,29.0,28.8,26.4,27.2,19.072,17.691,18.043,22.592,21.43,21.674,20.545,21.523,20.691,21.553,22.719,19.964,19.826,19.307,7.96772225579684,16.6363262731495,2.76844236540957,6.61375202358082,7.5342472977589,6.50331838993384,0.388838296895799,3.1753098637994,1.54266145238436,1.13362257718804,6.32542296338078,11.9050398185147,13.9229093174176,10.7532770416742
KHM,Cambodia,,,,,,,,,,,,,,,5.305,5.104,12.718,6.34,6.318,6.592,6.414,6.46,,11.383,5.692,6.188,,6.315,3.99639528107218,5.4784474961745,2.93431609293951,2.94162509547349,3.85568861424207,1.22393195511119,3.01913975139128,2.91263557371478,2.45908515380146,1.94257500833107,2.9402951426397,2.92073477592949,5.34370264895437,2.12746796594194
KIR,Kiribati,,,,,,,,,,27.8,,,,24.7,,,,,,46.89,,,,52.01,53.669,,,35.412,-3.89955040651649,1.4974097987597,-3.04586292775571,-1.488059084681,2.10398520925043,0.572015743634256,1.91731090233378,0.355520888546828,0.564030491493476,-1.81307995302947,2.5532455441463,2.05361676773907,5.34595440908904,9.28307374517721
KNA,St. Kitts and Nevis,,,,,,,,,,,,,,,,,,,,,,,,,,,,,0.850878649795844,5.8351651957086,0.816089281562459,1.10698554000129,0.247865392364942,-2.30187563045616,-0.687037123294039,0.694916711613604,-1.03712214131572,-0.329562063663977,-1.16724501769353,1.195688870384,2.66817533111249,3.55711230848243
KOR,"Korea, Rep.",32.0,,31.6,,31.2,,35.2,34.9,33.7,33.2,32.7,32.9,,,,,,,,,,,,,,,,,2.93928652655686,4.0259650043609,2.18707104433314,1.30134754547413,1.27477446401322,0.70633177245575,0.971685739912168,1.94433230786366,1.47583935002645,0.383000303608136,0.537288023411737,2.49833333333339,5.08951365062842,3.5974562502901
KWT,Kuwait,,,,,,,,,,,,,,,,,,,,,,,,,,,,,4.49640287769787,4.8394034987095,3.25514600287211,2.68229684085039,2.90892672858625,3.27170166092133,3.19839776658374,2.17183298510006,0.543133148199567,1.09184802655856,2.101729548274,3.42362947609188,3.98064961990313,3.64216403030709
LAC,Latin America & Caribbean (excluding high income),,,,,,,,,,,,,,,,20.2244292881801,20.2953188172628,20.5706431938932,20.669686837013,21.3012479812766,21.9248936410276,21.8223450169748,21.7449183755833,21.6043169145403,23.7724974299601,21.7821759024889,20.3694992797102,19.3116034824517,,,,,,,,,,,,,,
LAO,Lao PDR,,,36.0,,,,,,38.8,,,,,,5.123,,,,,6.781,,25.8,,,,,22.509,,5.98254521550082,7.5689885610998,4.2551267783209,6.37142717782947,4.12924306873771,1.27735427102992,1.59691227583204,0.825478607568026,2.04039266890201,3.32255881256925,5.10407262959919,3.75562036658877,22.9562225132056,31.2301341732646
LBN,Lebanon,,31.8,,,,,,,,,,,35.5,,,,,,,,,,,23.518,,,,,3.98347941855833,4.97148571692384,6.58147447683677,4.82101956297399,1.8546042134091,-3.74914524799629,-0.783359624361508,4.32135218303191,6.07698907889607,3.00538949390383,84.8643330472041,154.756096023393,171.205491336641,221.341644023365
LBR,Liberia,,,,,33.2,,35.3,,,,,,,,24.285,,,,15.132,,13.233,39.937,,,,,,,7.28992796890218,8.488167518494,6.83178703418548,7.577306817414,9.86111285574904,7.74869687621322,8.83424868336488,12.4196323907138,23.5635148953742,26.9662760197878,16.9557241496255,7.81559385858648,7.59298486560313,10.0944535665552
LBY,Libya,,,,,,,,,,,,,,,,,,,,,,,,,,,,,2.79989500109268,15.5184815317561,6.05980392156864,2.60581802719517,2.43294141599225,10.4022933588151,25.8538742124461,25.8036184788338,13.1702038536721,-2.16217883470595,1.44703656998741,2.86833027751019,4.51030149235703,2.37317531435169
LCA,St. Lucia,,,,,,43.7,,,,,,,,,,,,,,,33.633,33.755,32.492,29.941,35.411,39.203,27.088,30.931,3.25034409180129,2.76940794144093,4.17763587102515,1.46856511035428,3.51695551369241,-0.983600952696996,-3.07821765676927,0.104262078958441,1.93561893150602,0.539087559191757,-1.75580833517594,2.41070312174393,6.37814695133351,4.07060821926204
LCN,Latin America & Caribbean,,,,,,,,,,,,,,,,20.1216144458385,20.1495494392265,20.5130444704029,20.574784951717,21.1779966910623,21.6402054569542,21.7145864486824,21.6901434783769,21.5403878590861,24.2219054766172,21.5143042807719,20.1211662760691,19.1409429573449,,,,,,,,,,,,,,
LKA,Sri Lanka,,,38.7,,,,39.3,,,37.7,,,,,26.68,26.523,,28.13,29.558,26.63,27.09,24.722,24.184,21.213,21.512,19.378,18.051,18.198,6.2176488930462,6.7167684358854,7.54291373239437,6.90845034828452,3.1790022823606,3.76836783062096,3.9588884659307,7.70413767850602,2.135037737132,3.52839358231811,6.15394508391738,7.01478071238195,49.7211021114327,16.5411742279832
LSO,Lesotho,,,,,,,,44.9,,,,,,,,,,,,,,,,35.152,,,,,-2.40524254598706,5.0366305210156,6.05143662139967,4.86511899496385,5.37028961008587,3.21844513655931,6.59650490696543,4.447699373763,4.7518030162474,5.18708359197982,4.97809676252309,6.04774591950676,8.27180389943028,6.34221743124953
LTU,Lithuania,33.6,32.5,35.1,35.3,37.7,37.4,38.4,37.3,35.7,35.3,36.0,36.7,36.6,36.0,13.174,11.825,11.171,11.144,9.911,9.196,9.405,9.149,8.039,8.649,10.76,11.314,9.653,13.546,1.31921362055463,4.13027562645085,3.08998277055417,1.04747937065344,0.103758009433708,-0.884097405500596,0.905525075460342,3.72288862303707,2.69792779208394,2.33450937988027,1.19989444983569,4.68354420903453,19.7050461518394,9.11731962390475
LUX,Luxembourg,30.5,32.1,34.3,32.0,31.2,32.9,31.7,34.5,35.4,34.2,33.4,32.7,34.1,33.6,5.215,4.999,5.736,5.364,6.344,5.808,6.218,6.195,5.599,4.775,6.712,9.827,9.969,8.184,2.2736791162154,3.41068341068342,2.66284165508021,1.73403963519162,0.628543985440717,0.474743161437779,0.290833333333317,1.73079959118887,1.5281952430738,1.74332075653848,0.819957302127036,2.52692009066166,6.33600807777919,3.74140361983136
LVA,Latvia,35.0,35.8,35.2,35.5,35.1,34.2,34.3,35.6,35.1,34.5,35.7,34.3,33.7,34.0,17.814,16.035,14.895,13.03,12.024,10.518,11.205,11.956,7.897,9.24,8.547,8.687,7.767,5.7,-1.08463595015155,4.37073559939223,2.25778924374585,-0.029454778257828,0.620490636732421,0.174242243625186,0.140633334505327,2.93036312374665,2.53445424186598,2.81140920075624,0.219064904841985,3.27582937431165,17.3102830198815,8.9380462331663
MAC,"Macao SAR, China",,,,,,,,,,,,,,,6.19,6.3,5.76,5.27,5.0,5.31,4.96,,,,,,,,2.80947242060843,5.80624616691043,6.10738928336549,5.50057779178484,6.04823452094076,4.56056338028173,2.36895749705898,1.22812404052809,3.00446293166953,2.75193081051975,0.811410511491512,0.0264543647055504,1.04502802369954,0.476384495788075
MAR,Morocco,,,,39.5,,,,,,,,,,,,,,,35.275,,,,,,,,,,0.993557401226392,0.9069249096918,1.28712240079219,1.88065466724086,0.442310053557048,1.5579071134626,1.63531114327064,0.754663249323619,1.80391671141896,0.303386036590383,0.705968661338261,1.40195883962006,6.65704202759067,6.09114152504141
MDA,Moldova,32.1,30.6,29.2,28.5,26.8,27.0,26.3,25.9,25.7,26.0,25.0,25.7,25.9,26.8,19.453,19.724,19.282,18.627,16.845,15.768,16.272,16.922,17.83,17.479,15.592,13.55,14.963,13.308,7.48385086350851,7.6872510335619,4.54633427355302,4.59787897363127,5.08878554625869,9.67624033101859,6.35930898037931,6.57022997455611,3.04505397337071,4.83778351428728,3.76597122245351,5.10641129002835,28.7372976766235,13.4170104381299
MDG,Madagascar,42.4,,42.6,,,,,,,,,36.8,,,,,3.791,,,,,,,,,,24.327,,9.24732173644116,9.48254048582992,5.71384434191053,5.8264294445198,6.08040811088302,7.40419174202129,6.03575858154679,8.60905075422949,8.59422958870476,5.61051441492365,4.20179312190557,5.81225118787715,8.16059031991844,9.87432675044888
MDV,Maldives,,,,,,,31.3,,,29.3,,,,,,,,,21.844,,24.338,,,26.27,,,,,6.14988536750173,11.2734146055937,10.884695658563,3.8056300091943,2.12000175718134,0.953206658777607,0.502509413611612,2.81747338234509,-0.133373386117595,0.220029731065383,-1.36977425569811,0.543149688737013,2.33314337624567,2.92746542425035
MEA,"Middle East, North Africa, Afghanistan & Pakistan",,,,,,,,,,,,,,,31.4122088650153,,34.3423992570631,,31.1217469002747,,,,,28.4827928441917,37.7315886996416,32.4350622470837,,,,,,,,,,,,,,,,
MEX,Mexico,47.7,,49.6,,48.9,,46.9,,46.0,,44.6,,43.5,,22.177,21.77,21.099,20.437,20.25,19.716,19.498,18.701,18.412,18.299,20.052,17.918,16.824,15.913,4.15672722680174,3.40737824605742,4.11150981070289,3.80639069747204,4.01861608078679,2.72064064964023,2.8217078474766,6.04145724018986,4.89935015356551,3.63596142127046,3.39683415570006,5.68920847683753,7.8962761916855,5.52796087314389
MHL,Marshall Islands,,,,,,,,,,35.5,,,,,,,,,,,,,,42.941,,39.972,,,,,,,,,,,,,,,,
MKD,North Macedonia,40.1,39.4,38.1,36.2,35.2,35.6,34.5,34.2,33.0,33.5,,,,,26.423,25.322,25.05,24.315,25.495,24.907,24.807,25.344,24.496,18.669,19.844,18.311,18.427,19.131,1.50997522027613,3.9047542206974,3.31605566687647,2.78500056726109,-0.281705032928494,-0.299920475631462,-0.239290787684501,1.35161889677442,1.45831298507126,0.766439573459805,1.20007348888469,3.23074912132928,14.2047173195833,9.36187249769015
MLI,Mali,,,,,,,,,36.0,,,35.7,,,13.47,,,18.215,21.308,24.945,33.977,28.556,26.716,31.804,30.862,,31.519,31.343,1.10892690670186,2.95564395229392,5.32312847064058,-0.606736356351563,0.883814547137841,1.45069057605961,-1.79964707083386,1.75985742927165,0.299546507387843,-1.65826694846365,0.438088940320669,3.92560283104277,9.62147608489064,2.05880228274223
MLT,Malta,29.0,29.1,29.4,28.8,29.0,29.4,29.1,29.2,28.7,31.0,31.4,31.6,34.6,31.8,9.534,10.175,10.818,9.915,10.269,10.538,8.758,8.585,7.365,9.113,9.638,11.61,6.177,7.882,1.51563513618532,2.9629852819288,2.37582057760386,1.1802843636655,0.310306472181665,1.10054826378929,0.642702771527304,1.36435448150708,1.15782362451517,1.6420600176894,0.638544956776712,1.49789217934724,6.15375621933037,5.09396758978883
MMR,Myanmar,,,,,,38.1,,30.7,,,,,,,,,,,28.457,18.62,,16.586,12.786,13.782,15.02,,,,7.71838195873614,5.0214601462073,1.46758322674679,5.64303883425501,4.953299184844,9.45417189526018,6.92882525816076,4.5725365531752,6.87232865662935,8.82506696804558,,,,
MNA,"Middle East, North Africa, Afghanistan & Pakistan (excluding high income)",,,,,,,,,,,,,,,31.426793785208,31.6228518021302,34.6086773514493,30.0989279878508,31.330278420797,29.4531615391092,,,,29.4240833354497,38.999000678004,33.2712731037863,,,,,,,,,,,,,,,,
MNE,Montenegro,28.9,30.8,41.2,39.0,38.8,39.0,38.5,36.9,36.8,35.7,35.4,34.3,,,,16.316,16.94,17.874,17.72,19.154,18.398,16.687,16.298,17.344,21.094,20.657,20.133,17.621,0.654946570148479,3.4501431124869,4.14524724981119,2.20589268141178,-0.710514051710227,1.54869158222486,-0.271385023385176,2.3802359905313,2.611223782638,0.361563704540767,-0.255655699848551,2.41080198403165,13.0403036347004,8.58476910455403
MNG,Mongolia,33.1,33.9,33.8,,32.0,,32.3,,32.7,,,,31.4,,17.629,16.539,17.586,18.39,17.452,16.806,20.454,19.822,18.884,19.528,19.173,17.331,15.318,14.622,10.0462065881651,8.41121495327101,14.3303348325838,10.4906567588241,12.2539808129759,5.73568281938327,0.733272227314397,4.30143105302342,6.82424790145522,7.30106953550729,3.7237230614026,7.35894657888155,15.1509728200805,10.347583131434
MOZ,Mozambique,,,,,54.0,,,,,50.7,,,49.6,,,,,,,,,,,,,,19.239,,12.4255421735156,11.1666056127874,2.60245456956618,4.26135250941963,2.55974875844295,3.55075967356746,17.4180418197597,15.1132073899384,3.91133439990729,2.80270307928111,3.48393567493204,6.40847652975692,10.2794018093421,7.12697482131851
MRT,Mauritania,,,,,32.6,,,,,32.0,,,,,,,39.705,,,,,35.528,,44.085,,,,,6.28354087427704,5.68631959575954,4.90242727217997,4.12910173783393,3.53436856147324,3.25472688117631,1.47171045650004,2.25427651934813,3.06735996058356,2.30009262117937,2.3856948845632,3.56516484650185,9.52526628622843,4.95305034506872
MUS,Mauritius,,,38.5,,,,,36.8,,,,,,,21.524,21.545,21.605,21.174,20.863,20.087,20.319,19.939,20.461,18.078,41.724,31.211,20.742,17.37,2.93236301369857,6.52249254869341,3.85216033315983,3.54329573934839,3.21769191994684,1.28654970760232,0.977675134718965,3.66699702675925,3.2160538314457,0.405655190309553,2.5808007718283,4.02852888157376,10.7737512242899,7.05298238454736
MWI,Malawi,45.5,,,,,,44.7,,,38.5,,,,,,18.072,,19.461,,,,23.445,,,19.41,,,,7.41159092883827,7.6228226284852,21.2712650013779,27.2833333333334,23.7920649469687,21.8673475542553,21.7111132136499,11.5433939188771,12.420178108921,9.3708360560567,8.62551469650552,9.33014410835212,20.953969729969,28.7897428247298
MYS,Malaysia,,43.6,,41.3,,41.1,,,41.2,,,40.7,,,,14.37,13.95,13.65,12.77,,11.69,11.8,12.47,11.41,13.63,9.25,10.22,,1.62285235577035,3.1744709215131,1.66357102479206,2.10501231233612,3.14299050879095,2.10438980238359,2.09056659525742,3.87120115774237,0.884709160571235,0.662891865764326,-1.1387021539305,2.47710241465447,3.37869862549928,2.48886560125754
NAC,North America,,,,,,,,,,,,,,,15.0851322374212,14.2994067398519,13.8459410930841,14.2432727641631,13.4032570265681,12.5197096288352,12.0986745956135,11.0756740766026,11.0447257913674,10.5655930405522,14.2714626632727,12.2616770698227,11.277554708559,11.2432524000596,,,,,,,,,,,,,,
NAM,Namibia,,,,,,59.1,,,,,,,,,29.345,,31.15,32.007,30.471,,33.545,,31.884,,,,,,4.8749198764395,5.005595180812,6.72199777334886,5.60092502290401,5.35016966859602,3.39401538410559,6.72858234593338,6.14579981111164,4.29159105337875,3.72239414422695,2.20938236933469,3.61690530108814,6.08128114112413,5.87993463284275
NCL,New Caledonia,,,,,,,,,,,,,,,,,,,11.84,,,39.239,32.432,27.912,33.022,,23.618,24.742,,2.42899693753383,1.74967234600262,1.27761318992718,0.178851060785511,0.570508141048402,0.578317435520754,,,,,,,
NER,Niger,,31.5,,,34.3,,,,37.3,,,32.9,,,,19.429,,,25.199,,,68.658,,24.261,,,15.657,,0.804073080882659,2.9423851401332,0.455089820359289,2.29723114955317,-0.930287259984466,-0.576090369833189,1.65388922387806,2.79637318871284,2.96760366004456,-2.48979265070855,2.8981937602627,3.8378680284051,4.22621791916392,3.70097316425834
NGA,Nigeria,35.7,,35.5,,,35.9,,,35.1,,,,33.9,,,29.086,,27.853,,,27.063,,,27.097,,,13.86,11.723,13.7400521363694,10.8261371880017,12.2242413020584,8.49551838265669,8.04741087967907,9.00943498007706,15.6968126387972,16.5022662139641,12.0951065173432,11.3964223378116,13.2460234276597,16.9528457221608,18.8471877843274,24.659550203114
NIC,Nicaragua,,,,,46.2,,,,,,,,,,,,15.025,,24.488,,,,,,,,,,5.45513425887423,8.082387980991,7.1935505333896,7.13546785289407,6.03596861798425,3.99737996694396,3.52317317628473,3.85067166284727,4.94723728039886,5.37628990844126,3.68181341625572,4.92841396948968,10.4674244465991,8.38765854872536
NLD,Netherlands,27.8,27.8,27.6,28.1,28.6,28.2,28.2,28.5,28.1,29.2,26.0,25.7,,,4.691,4.201,5.036,5.969,5.829,4.22,4.594,4.182,4.027,4.256,4.673,3.079,3.259,3.717,1.27530569556679,2.34107017751373,2.45554765291614,2.50689852657875,0.976035079699679,0.600248147278776,0.316666666666652,1.38145871407216,1.70349794744479,2.63369910249591,1.27246037789161,2.67572008805385,10.0012078753473,3.83839354342808
NOR,Norway,25.7,25.3,25.7,26.4,26.8,27.5,28.5,27.0,27.6,27.7,28.4,29.1,26.9,26.5,5.808,5.564,6.235,6.152,6.43,6.239,6.434,5.905,5.566,5.443,6.152,6.692,6.225,5.717,2.41890639481003,1.2849515880916,0.696864111498263,2.12048620353112,2.04170286707211,2.17113665389527,3.55000000000007,1.87510059552545,2.76483134528797,2.16773003305411,1.28658490707996,3.48388055266669,5.76412317852272,5.51784987104659
NPL,Nepal,32.8,,,,,,,,,,,,30.0,,,,,,,,,34.763,,,,,,,9.32650410745395,9.2270754612596,9.45980980357125,9.04016311917645,8.36415469659563,7.86890895590891,8.7903433200464,2.77703998300211,4.40659410175714,5.56616035243723,5.05635826238499,4.12676744440695,7.6702057938028,7.11587261530826
NRU,Nauru,,,32.4,,,,,,,,,,,,,,,36.404,,,,,,,,40.986,,,,0.3003003003003,-0.124750499001971,,,,,,,,,,,
NZL,New Zealand,,,,,,,,,,,,,,,13.64,13.47,13.78,12.21,11.66,11.54,12.18,11.92,12.04,11.62,12.94,11.89,11.57,11.69,2.30202385958572,4.0279066739204,1.05991318445632,1.13442266445817,1.227507505974,0.292704628136101,0.646240284454524,1.85078767452536,1.59829703801696,1.61963190184048,1.71456170007245,3.94112060778728,7.17222476016441,5.73316283034957
OED,OECD members,,,,,,,,,,,,,,,16.3237526936195,16.8098078441297,15.6357088069237,15.4876950079802,14.7399339831972,14.1360490122185,13.8061888224655,13.3030018248299,13.1019410185628,13.0328940581182,15.3999324913616,14.5506140808058,13.5072960665126,13.1188900163496,,,,,,,,,,,,,,
OMN,Oman,,,,,,,,,,,,,,,,,,,,,,,,,,,25.5,,3.25657959078624,4.0421886711639,2.94773495257209,1.05354820265932,1.01401483924156,0.0652901330286599,1.10920805807027,1.58909413567799,0.889312370970404,0.490815362820671,-0.40640291946585,1.68221185876085,2.5061425061425,0.950782997762827
OSS,Other small states,,,,,,,,,,,,,,,,,,,,,20.7586016173181,,,,,22.8443327727539,,,,,,,,,,,,,,,,
PAK,Pakistan,28.8,29.7,,29.5,,31.3,,,29.6,,,,,,31.103,32.0,37.868,31.012,30.91,30.41,38.02,,30.958,29.708,42.625,34.564,,,12.9388705634889,11.9160927116277,9.68235186055684,7.69215611899565,7.18938402847028,2.52932817254229,3.7651191635658,4.08537368032608,5.07805725868917,10.5780305672025,9.74011619320125,9.49641577285205,19.8738599646655,30.7681280657005
PAN,Panama,51.6,51.3,51.7,51.5,50.5,50.8,50.4,49.9,49.2,49.8,,50.9,,48.9,20.888,21.032,17.589,16.979,18.759,18.449,17.09,17.198,16.381,16.683,18.735,19.298,17.564,15.139,3.491288726188,5.8758024367877,5.69819959165992,4.0271599157106,2.62652699929151,0.137492058461504,0.739734025300033,0.875585918759878,0.761578359399944,-0.355083821021245,-1.5502754080376,1.63070337301898,2.85965128834711,1.48641355277038
PER,Peru,45.5,44.7,44.4,43.9,43.1,43.4,43.6,43.3,42.4,41.5,43.7,40.1,40.3,40.7,15.191,15.83,15.244,16.327,16.647,18.586,19.196,17.353,17.749,16.873,25.676,22.695,22.779,,1.52832059732901,3.36931095333853,3.61121294940163,2.76789666082002,3.41194579807465,3.39809194746308,3.55717663556279,2.99490045809443,1.50915423024742,2.25212191358027,2.00241205759292,4.27166381536798,8.33370630096231,6.45561348369586
PHL,Philippines,,,46.5,,,44.6,,,42.3,,,40.7,,39.3,25.941,25.031,25.414,24.902,24.038,23.481,22.808,22.294,20.376,19.338,21.406,17.721,12.96,12.362,3.78983634797591,4.7184170471842,3.02696391124796,2.58268766141795,3.59782343864211,0.674192536845408,1.25369880080982,2.85318772590947,5.30934661627707,2.39206534422404,2.3931623931624,3.92718022100332,5.82115811213955,5.97802515541409
PLW,Palau,,,,,,,,,,,,,,,,,,,13.261,,,,,,18.041,,,11.273,1.44219017355169,4.6746987951807,3.61418047882138,3.35481004221287,4.19174548581256,0.949040643697081,-1.04230533415074,1.4179881966692,2.10970464135017,0.26737967914444,0.218181818181833,2.6124818577648,12.3526638378124,12.8199748216534
PNG,Papua New Guinea,,,,,,,,,,,,,,,35.503,,,,,,,,,,,,27.69,,6.01360893567856,4.44083401028971,4.53720508166972,4.9603174603175,5.22211720226841,5.99595778127107,6.6737288135593,5.42204568023834,4.37448921453162,3.92867290939597,4.87167398565555,4.48359014042398,5.25323922215241,2.29869991296791
POL,Poland,33.2,33.2,33.0,33.1,32.8,31.8,31.2,29.7,30.2,28.8,28.5,28.5,28.9,28.5,12.591,13.267,13.531,14.085,13.716,11.841,11.544,10.585,9.974,9.573,10.136,12.445,10.5,10.236,2.58069370250548,4.23940149625932,3.56037151702793,0.991982606332335,0.0538213132399802,-0.874125874125862,-0.664767331433962,2.07593553673859,1.81295156542689,2.22747880938291,3.37446972618589,5.05502704719272,14.4294507575758,11.5289127961105
PRI,Puerto Rico (US),,,,,,,,,,,,,,,,,,,,21.682,,,,,19.487,,,,,,,,,,,,,,,,,
PRT,Portugal,35.8,36.3,36.0,36.2,35.6,35.5,35.2,33.8,33.5,32.8,34.7,34.6,36.3,33.9,11.438,12.565,13.901,14.127,12.195,11.161,10.456,9.325,8.32,7.966,9.125,8.057,7.774,8.531,1.40257289895369,3.65301100430724,2.77333854051586,0.274416666666663,-0.278153367467428,0.48793862390472,0.607397074641719,1.36861411643472,0.993715683468326,0.338178410046034,-0.0124383299575305,1.26565719069044,7.83269124233323,4.31128191898672
PRY,Paraguay,51.0,52.3,47.6,47.9,50.7,47.6,47.9,48.5,46.0,45.7,43.5,42.9,44.6,44.2,19.5,16.908,16.016,14.584,16.831,17.45,18.568,18.586,,,,,,,4.65116279069765,8.2539682539683,3.67591897974496,2.68385738718582,5.02882767456766,3.12900274473925,4.08682280577241,3.60247741348943,3.97561015740694,2.75709727562775,1.76751592356698,4.787983101236,9.76556667164402,4.63202285403356
PSE,West Bank and Gaza,35.3,34.4,,,,,33.7,,,,,,,36.4,28.034,26.309,28.519,30.301,31.594,29.854,30.648,31.484,31.749,29.11,30.344,28.062,25.443,,3.74915727597096,2.8772435849594,2.77908768282492,1.72439933626931,1.73298510037447,1.43161145810476,-0.219106604907316,0.212570934228881,-0.195107773730735,1.58018333639455,-0.735332001092191,1.23748102831369,3.74122391852077,5.87110177678988
PST,Post-demographic dividend,,,,,,,,,,,,,,,12.9013308637249,13.5830547776011,12.476264436541,12.6243609693559,12.3050554329227,11.593043040208,11.204507937772,10.4903182636781,10.0510970021948,9.72053759319106,12.6823496310185,11.3856034813794,10.5143974873703,10.4943792130562,,,,,,,,,,,,,,
QAT,Qatar,,,,,,,,35.1,,,,,,,,,,,,,,,,,,,,,-2.42525675161714,1.13836623529202,2.31534853431661,3.22197756829293,3.34972085659523,1.8140772393776,2.6765917009819,0.394878914083005,0.255815382724408,-0.666641124861147,-2.5403150300476,2.30446565742003,4.99527553740761,3.02764899198902
ROU,Romania,35.5,35.9,36.5,36.9,36.0,35.9,34.4,36.0,35.8,34.8,34.6,33.9,32.3,29.8,16.605,17.47,16.807,16.959,17.013,18.084,17.382,15.154,14.517,14.657,14.754,18.015,17.518,16.541,6.09141668601891,5.7892532881588,3.33492267693442,3.9847123554813,1.06830987684298,-0.594156437495203,-1.54479666813897,1.3390212110439,4.62548443137779,3.82785432599438,2.63107311184743,5.05232876096582,13.7954887432521,10.3971874764996
RUS,Russian Federation,39.5,39.7,40.7,40.9,36.9,36.5,36.7,35.5,35.3,35.7,33.7,35.1,33.9,33.0,14.53,12.97,12.26,12.08,12.29,12.32,12.71,,,,,,10.076,8.701,6.84939230255025,8.4404648593257,5.07474300799149,6.75466833903486,7.82016970013845,15.5343959935701,7.04243725413707,3.68333072334495,2.87831382614981,4.47202631837903,3.38219796948068,6.69445891957612,13.7436797398232,5.86571931748967
RWA,Rwanda,47.2,,,45.1,,,43.7,,,,,,,39.4,,,,,5.159,,,25.594,26.304,28.55,26.139,29.042,28.584,27.923,-0.246128693436934,3.0801706924026,10.2710182318876,5.92426867984854,2.35449052820358,2.52850284192421,7.17434301982009,8.27953672260832,-0.311210160390699,3.34787655037648,9.85039902274207,-0.391346748300791,17.6892095588153,19.789546746467
SAS,South Asia,,,,,,,,,,,,,,,29.0388979653877,,26.863,,,,,,30.7116876765848,31.0548470403562,30.5757048004556,27.885240948948,24.4651982366017,22.4044220115035,,,,,,,,,,,,,,
SAU,Saudi Arabia,,,,,,,,,,,,,,,,,,,,,,,,15.6,20.323,19.22,18.369,16.986,5.33941733020905,5.8262163739404,2.86627029905053,3.51104209799866,2.24185348779063,1.22269318552328,2.05347076823965,-0.834845735027162,2.46594308994843,-1.19298644533328,3.37234961012303,3.06328988941548,2.47407371925372,2.32708518362706
SDN,Sudan,,,,,34.2,,,,,,,,,,,33.09,,,,,,,,,,,46.529,,12.9776663898014,18.0966171221351,35.5590574147024,36.5223449139154,36.9066427863595,16.9095706050977,17.750253831196,32.3516260968437,63.2925073455888,50.9940515002965,163.257782355458,359.093040778999,138.80846024176,
SEN,Senegal,,40.3,,,,,,,38.3,,,36.2,,,,29.9,,,,36.263,29.519,35.519,,32.712,,,33.88,30.565,1.22868119673344,3.40322829786971,1.41822871177854,0.710245486695176,-1.09025507446895,0.135211933635165,0.837284942557434,1.31815314847789,0.460985642464188,1.76011151192939,2.54314685681662,2.18032278088147,9.69681899081073,5.93947798773215
SGP,Singapore,,,,,,,,,,,,,,,,,,3.7,3.6,3.6,4.1,4.5,4.3,4.13,4.46,7.543,6.623,6.757,2.82884527612958,5.25115624639373,4.58084479423094,2.36439793742726,1.03316955857629,-0.521975611895763,-0.529809760375464,0.576763191179996,0.438784215129623,0.567829988405447,-0.172111865925382,2.31610315765146,6.13095418919732,4.83372362825798
SLB,Solomon Islands,,,37.1,,,,,,,,,,,,,,,7.044,,,,,,,,,,,1.05148163321038,7.34270706018,5.91200602491155,5.3913638858756,5.16590237925171,-0.57446928635949,0.512485626268792,0.488686760261083,3.46147484973729,1.63485544012247,2.96354992076065,-0.115437894412839,5.51812928576938,5.88585897042164
SLE,Sierra Leone,,34.0,,,,,,,35.7,,,,,,,,,,32.31,,,,33.167,,,,,,7.18566275668163,6.79138291952621,6.58776239392585,5.52412877994266,4.63931171409667,6.68943562498681,10.8860609413903,18.2215094003386,16.0295447693699,14.8049990906021,13.4468711101052,11.8739588840234,27.2082883814653,47.6428733253179
SLV,El Salvador,43.5,42.3,41.8,43.4,41.6,40.6,40.0,38.0,38.6,38.8,,39.0,38.8,39.8,27.214,25.91,26.025,25.352,28.504,28.541,28.224,28.398,27.149,27.94,25.169,26.152,23.462,21.518,1.17933576873673,5.1289237668161,1.72973481581383,0.757669184522973,1.14134467538233,-0.731384487387957,0.60404908699661,1.0123540331558,1.09033000581892,0.0753241350024612,-0.371590212324095,3.46692585313082,7.19861615609867,4.04554694222477
SMR,San Marino,,,,,,,,,,,,,,,,,,,,,,,,,,,,,2.58541815582587,2.89979584300123,2.8273322422258,1.60439298078082,1.11296303373851,0.145686073241066,0.644075340346552,1.01413313194508,1.16333522293158,0.472651967352852,-0.133368898372915,1.61551411551421,5.32545321311365,5.93190858629403
SOM,"Somalia, Fed. Rep.",,,,,,,,,,,,,,,,,,,,,,,,43.734,,,50.951,,,,,,,,,,,,,,,
SRB,Serbia,29.0,,39.9,39.4,40.4,40.5,38.8,36.1,35.0,34.5,35.0,33.1,32.8,32.8,21.204,21.597,21.651,19.787,20.997,20.363,18.076,17.582,16.98,15.663,16.177,16.714,13.231,12.397,6.14255360247248,11.1373976342129,7.33038589596646,7.69426362896655,2.08244793880154,1.39235822000187,1.12231397417769,3.13106248590115,1.95984076293801,1.84922984511086,1.57553290083415,4.08510285335102,11.9815117344703,12.3719043552519
SSA,Sub-Saharan Africa (excluding high income),,,,,,,,,,,,,,,,,,,,,,,,,,,24.5770247757614,,,,,,,,,,,,,,,
SSD,South Sudan,,,,,,,44.0,,,,,,,,,,,,,,,,,,,,,,1.16962180301108,46.8521757193597,45.5258978371706,-0.0580909784225664,1.6742990629552,52.7663304192143,379.999585624026,187.851630279442,83.5015294922,87.2413641500032,29.6758435538572,10.5167158294358,-6.68732094212668,2.38280434813754
STP,Sao Tome and Principe,30.8,,,,,,,40.7,,,,,,,,,,,,,,43.795,,,,,,,13.34005235378,14.3271667616801,10.6379353431628,8.10583270875476,6.99849943966421,5.24587835022454,5.43051966119156,5.6902961992902,7.86859628873909,7.72024525213248,9.81932791540146,8.13777038378732,18.0056351122841,21.2589138473
SUR,Suriname,,,,,,,,,,,,,39.2,,,,,,,,18.193,,,,,,,,6.94108221639996,17.7117796414558,5.00686319367273,1.92343604108305,3.38341272749477,6.89390359168238,55.4123879763196,21.9969430173304,,,34.889784309078,59.1196626251977,52.446027276241,51.5873159600861
SVK,Slovak Republic,27.3,26.5,26.1,28.1,26.1,26.5,25.2,23.2,25.0,23.2,24.2,24.1,24.1,23.8,14.569,14.31,14.371,14.256,14.071,13.973,12.688,12.326,10.405,10.479,10.748,11.075,9.995,9.166,0.957018132975143,3.9192859914629,3.6061026352289,1.40047368963025,-0.0761653295419871,-0.325219777427673,-0.520010196278266,1.31194588223228,2.51403712883812,2.66456133425431,1.93694126694223,3.14960629921268,12.7741463637611,10.5319476645211
SVN,Slovenia,24.9,24.9,25.6,26.2,25.7,25.4,24.8,24.2,24.6,24.4,24.0,24.3,24.3,24.7,7.11,7.076,9.277,9.239,9.417,9.506,8.032,6.518,6.619,7.029,7.683,6.597,8.234,7.27,1.80117022137134,1.8028517194191,2.59741386039003,1.76920085881907,0.19934382657075,-0.525552285820877,-0.054999541670474,1.42910743319306,1.7386086198818,1.63052260754344,-0.05485681576061,1.91706506089259,8.83369886749452,7.44687717385838
SWE,Sweden,27.7,27.6,27.6,28.8,28.4,29.2,29.6,28.8,30.0,29.3,28.9,29.8,31.6,29.3,7.786,7.644,7.898,7.517,7.254,6.809,6.589,6.273,6.174,5.527,6.517,5.061,4.948,5.12,1.15798802715626,2.9611507382214,0.888377506923735,-0.044292970148682,-0.179638494114635,-0.0467847449832812,0.984269244577992,1.79449904665599,1.95353530127028,1.78415097403835,0.497367318853572,2.16319736447143,8.36929098869189,8.5486248974891
SWZ,Eswatini,,,,,,,54.6,,,,,,,,,,,,,,35.498,,,,,34.389,,36.472,4.50923691774369,6.10742714590251,8.93964682788212,5.62130623468948,5.68134885776447,4.95124493704919,7.8472745908568,6.22137528933118,4.81506167461513,2.59801620311077,,,,
SXM,Sint Maarten (Dutch part),,,,,,,,,,,,,,,,,,,,,,,,,,,,,1.33857621672882,4.58475435650401,4.01518421081576,2.5286478853837,1.88675466275266,0.330027165141066,0.111682655737579,2.19201010962985,,,,,,
SYC,Seychelles,,,,46.8,,,,,32.1,,,,,,,,,,,,,,,21.822,26.009,,,20.365,-2.40463875108227,2.55926772230953,7.11037062326403,4.33893848329099,1.38583454581263,4.04194410725617,-1.01548191697626,2.85679575568437,3.70291839111568,1.80709400809982,1.20266463987123,9.76909936973542,2.6260363285129,-1.03530088431952
SYR,Syrian Arab Republic,,,,,,,,,,,,,26.4,,,,,,,,,,,,,,,,4.3974138315007,4.7531638888563,36.7022953364139,40.0318378290723,10.9271141804297,38.4611429599733,47.7051615298923,18.0752696281771,0.940983843906769,13.4175653228571,,,,
TCD,Chad,,43.3,,,,,,,37.5,,,,37.4,,,,,,,,,,37.047,,,,42.318,,-2.07786574641866,2.0292405367826,7.51662364663833,0.222671564624551,1.6819731392567,4.37712665065654,-0.792440525236102,-1.5370996298084,4.27462198610545,-0.971939175419401,4.46414437232861,-0.77284437035914,5.78802687843616,10.8363568399843
TEC,Europe & Central Asia (IDA & IBRD countries),,,,,,,,,,,,,,,19.7138464827865,18.9796325609787,18.9299422073943,18.4072873606394,17.933619999581,17.3867484572645,18.1613521955337,,,,,,16.163888873949,15.0070123684007,,,,,,,,,,,,,,
TGO,Togo,,46.0,,,,43.0,,,42.5,,,37.9,,,24.089,11.231,,,,17.759,,25.078,,10.398,,,13.02,,1.44594517430864,3.5635147290396,2.57718174055848,1.82539475909162,0.19087507624975,2.58500390801595,1.28544847051417,-0.981889868943119,0.927755426457183,0.674652770077525,1.69928463299399,4.1862150652352,7.96757361617945,5.48928568141131
THA,Thailand,39.4,37.5,39.3,37.8,37.0,36.0,36.7,36.4,36.4,34.9,35.0,34.9,34.3,33.5,12.52,12.55,12.85,14.373,13.324,13.591,14.966,15.585,14.782,14.88,15.135,14.751,13.347,12.463,3.24758842443723,3.80879058139634,3.01489950334985,2.18488618530687,1.8951418189878,-0.900424963291569,0.188149704448143,0.665631893135106,1.06389754183024,0.706728601314311,-0.845937147357041,1.23039541318384,-1.61068030486688,8.47805174421543
TJK,Tajikistan,,,,,,34.0,,,,,,32.4,39.5,38.0,,,,,,,41.328,,,,,,,,6.44531440780658,12.4315490430406,5.83116601031462,5.00964645344951,6.10442765129667,5.7145594964971,6.00458082322139,,,,,,,
TLA,Latin America & the Caribbean (IDA & IBRD countries),,,,,,,,,,,,,,,,20.1216144458385,20.1495494392265,20.5130444704029,20.574784951717,21.1753265860763,21.6402054569542,21.7145864486824,21.6944393029084,21.5403878590861,24.247144316778,21.5143042807719,20.1211662760691,19.1409429573449,,,,,,,,,,,,,,
TLS,Timor-Leste,,,,,28.7,,,,,,,,,,19.037,,,16.717,,21.004,20.951,,,,,31.171,29.122,,6.76597680236481,13.499840238577,11.8003096701544,11.0849085109954,0.726275016139465,0.552796026277853,-1.33853876185163,0.557215537430361,2.63647201015892,0.958812739703141,0.495499215459571,3.69792094666786,7.00530945399787,8.42035103310377
TMN,"Middle East, North Africa, Afghanistan & Pakistan (IDA & IBRD)",,,,,,,,,,,,,,,31.4601549880153,31.6775876533827,34.6678878323251,30.0967611281101,31.3279989286502,29.4487310200439,,,,29.4276524528463,39.0910206371341,33.3210679450618,,,,,,,,,,,,,,,,
TON,Tonga,,,,,,33.5,,,,,,27.1,,,,,,,,,24.218,,27.922,,,18.677,,25.611,3.53491239189831,6.27075302995691,1.14753853706055,0.77562932236742,2.51087633253706,-1.05399831971283,2.57815515245081,7.51706283551115,5.03209691984874,1.17954334821808,-0.349737696727496,5.64051140636751,10.9713652903022,6.35112980255189
TSA,South Asia (IDA & IBRD),,,,,,,,,,,,,,,29.0388979653877,,26.863,,,,,,30.7116876765848,31.0548470403562,30.5757048004556,27.885240948948,24.4651982366017,22.4044220115035,,,,,,,,,,,,,,
TTO,Trinidad and Tobago,,,,,,,,,,,,,,,,,,52.05,,,,,,14.605,17.057,15.465,16.882,14.381,10.5492003179988,5.1071328926456,9.26028137068292,5.19981740465611,5.68441814595659,4.66121598098264,3.07066742464024,1.88038440183532,1.01856930188822,1.00054293027237,0.598986330824643,2.05922746915458,5.82838638517959,4.62930242419968
TUN,Tunisia,38.5,,,,,32.8,,,,,,33.7,,,25.227,,,,30.417,,,,,26.788,,19.53,23.768,22.648,3.33897963601069,3.24002842009531,4.6118443220664,5.31623531326689,4.62555099534031,4.437371273215,3.62939937384381,5.30884839565844,7.30759176031652,6.72007532863799,5.63415115897625,5.706350208307,8.30646124447623,9.32899597507865
TUR,Turkiye,38.8,40.0,40.2,40.2,41.2,42.9,41.9,43.5,42.4,43.8,43.0,44.4,44.5,43.7,34.698,31.929,31.168,28.123,24.855,24.032,23.964,24.188,24.461,26.052,28.335,24.753,24.158,22.494,8.56644420552976,6.471879671151,8.89156996512163,7.49309030547693,8.85457271364316,7.67085364845885,7.7751341532833,11.1443110840764,16.3324638988929,15.1768215720022,12.2789574462574,19.5964926913324,72.3088359891207,53.8594087593315
TUV,Tuvalu,39.1,,,,,,,,,,,,,,38.378,,,,,,34.258,45.536,,,,,34.349,,,0.5005807431527,,,,,,,,,,,,
TZA,Tanzania,,37.8,,,,,,,40.5,,,,,,12.238,,19.938,,14.932,,,,,,11.671,,,,6.20015595647403,12.6909694699162,16.0010938506338,7.87072364573959,6.13161432988012,5.58816952959298,5.17476629301493,5.31871605228931,3.49445848856181,3.46428057999021,3.29029062798325,3.69091958802199,4.35027204269101,3.79923291384916
UGA,Uganda,,,41.0,,,,42.8,,,42.7,,,,,21.075,11.268,14.527,5.91,10.233,,,18.104,,10.684,,13.765,,,3.97655288478168,16.5643496174515,12.6790377224659,4.90520875694557,3.07570668958641,5.58968606251725,5.70637504616212,5.20971705914209,2.61601190952274,2.867588034469,3.31332289544502,2.20457204757414,7.1957888597581,5.35094804280395
UKR,Ukraine,24.8,24.6,24.7,24.6,24.0,25.5,25.0,26.0,26.1,26.6,25.6,,,,,,,,19.98,17.63,18.26,16.47,,,,,,,9.37293105078978,7.95572466274652,0.568727971803862,-0.238948626045407,12.0718562874251,48.6998646434424,13.9127101997797,14.4383227488749,10.9518559353178,7.88671745611133,2.73249209419427,9.36313917695223,20.1836366617478,12.8490222828559
URY,Uruguay,44.5,42.2,39.9,40.5,40.1,40.1,39.7,39.5,39.7,39.7,40.2,40.8,40.6,40.9,18.124,17.162,17.733,18.036,18.151,18.733,18.682,17.868,17.954,17.685,17.108,14.94,14.273,14.863,6.69870886978132,8.0928320630299,8.09776580573602,8.57513504005397,8.87735333229828,8.66626987079328,9.6394134763508,6.2180938256186,7.60653360377047,7.88198870879619,9.75640636078194,7.74791402314762,9.10437983075437,5.86910359896119
USA,United States,40.2,41.2,41.2,40.9,41.7,41.5,41.3,41.4,41.8,41.9,40.0,39.7,41.7,41.8,15.231,14.415,13.908,14.382,13.388,12.442,12.017,10.972,10.922,10.409,13.892,12.204,11.244,11.191,1.6400434423899,3.156841568622,2.06933726526067,1.46483265562717,1.62222297740817,0.118627135552451,1.26158320570536,2.13011000365961,2.44258329692817,1.81221007526021,1.23358439630629,4.69785886363742,8.00279982052121,4.11633838374488
UZB,Uzbekistan,,,,,,,,,,,,32.9,31.2,34.5,,,,,,,,,,,,,,,,13.7797446476602,13.2088026688373,11.8414333622049,9.28309356162695,8.75188196737508,8.130886695236,13.8757425441635,17.5241796514055,14.5257359560687,12.8677297362606,10.8492397508122,11.4466436998836,9.95659071258018
VCT,St. Vincent and the Grenadines,,,,,,,,,,,,,,,,,,,,,,,,,,,,,0.747109026311474,3.1860311155246,2.59844414147101,0.805127804267928,0.193858560794015,-1.73361194953959,-0.149641647633284,2.15333648840511,2.32414485367921,0.91306972532459,-0.628131309354654,1.57272932500558,5.66009779226552,4.56457719814894
VEN,"Venezuela, RB",,,,,,,,,,,,,,,18.797,18.905,19.635,,,,20.253,22.847,,,37.13,,,,28.1874647092039,26.0902123160959,21.0689956331876,40.6394275161589,62.1686499794829,121.738085297503,254.948534781816,,,,,,,
VNM,Viet Nam,39.3,,35.6,,34.8,,35.3,,35.7,,36.8,,36.1,,8.242,8.292,9.438,9.987,9.727,9.884,9.47,9.702,8.305,13.237,14.184,14.922,11.062,10.818,9.20746648778413,18.6777322770707,9.09470339557192,6.59267475899192,4.08455446637617,0.631200905175754,2.66824816969082,3.52025688811617,3.53962805942641,2.7958236745225,3.22093436652514,1.83471554810444,3.15650749963129,3.25289282667662
VUT,Vanuatu,37.4,,,,,,,,,32.3,,,,,31.847,,,,,,,,,34.5,47.532,,,,2.76269469477348,0.8737931047811,1.34740362877658,1.45893371757921,0.798863838097023,2.48326875660439,0.842069084035061,3.08452624403546,2.33096379566866,2.76252019386111,5.32935073101715,2.34328358208953,6.67930581887121,11.1825017088175
WSM,Samoa,,,,38.7,,,,,,,,,,,,,39.056,,,,,28.737,27.55,,,,30.09,,0.777007268777692,5.23541591478434,2.0490188352116,0.61008572090503,-0.40681608842489,0.724470134874729,1.30471869303179,1.74989677484705,4.19745888663752,0.982326569888117,-1.56891247740895,3.13320473174494,10.9618822286844,7.92164684826777
XKX,Kosovo,33.3,27.8,29.0,26.3,27.3,26.5,26.7,44.2,44.6,40.2,57.4,49.4,38.3,,,,35.409,35.514,29.964,31.427,30.103,27.406,29.692,32.612,33.478,32.045,32.901,33.257,3.48050763735842,7.3364177131527,2.47673782156533,1.76732428354892,0.428957808324092,-0.536929392740659,0.273169431045468,1.48823430592319,1.05379773654991,2.67599202639893,0.198227922994854,3.35369139207997,11.5805104542012,4.94432438791283
YEM,"Yemen, Rep.",,,,,36.7,,,,,,,,,,,,,,44.77,,,,,,,,,,11.1748338605044,19.5435617131144,9.88538714484871,10.9684421500198,8.10472583623915,,,,,,,,,
ZAF,South Africa,60.9,,,,59.6,,,,,,,,54.1,,,35.914,,31.966,31.313,30.499,31.222,31.014,31.563,32.46,32.399,32.94,35.188,33.977,4.06749555950263,5.0008533879502,5.73797139141739,5.78016910069176,6.13282953059149,4.51869094892506,6.60290842394872,5.18618655524149,4.50987264867388,4.10285075461156,3.23238831615113,4.61874544887136,7.03987272546482,6.0752438457966
ZMB,Zambia,52.0,,,,,55.8,,,,,,,51.5,,,,,,,41.371,,29.342,32.826,32.543,31.055,31.361,29.368,28.926,8.50176133365265,6.4293968107234,6.57589970757698,6.97767605490307,7.80687553566333,10.1105928909618,17.8697300795268,6.57731154205644,7.4945719272852,9.15031644316296,15.7330604721369,22.0207676245777,10.9932039209136,10.884531691282
ZWE,Zimbabwe,,43.2,,,,,,44.3,,50.3,,,,,,17.264,,,16.561,,,,,29.368,,30.431,32.236,29.98,3.02267002518892,3.4661297281749,3.72532666110646,1.63495041543822,-0.19778481012661,-2.43096842383404,-1.54366960054161,0.893962316050027,10.6188658669575,255.304990757856,557.201817362051,98.5461050920624,104.705170628667,
